{
  "chatgpt-5.4-none": 0.6533989906311035,
  "chatgpt-5.4": 0.6493300795555115,
  "deepseek-chat": 0.6545982956886292,
  "deepseek-reasoner": 0.6530815958976746
}
