{
  "chatgpt-5.4-none": 0.6114246845245361,
  "chatgpt-5.4": 0.6244755387306213,
  "deepseek-chat": 0.6052416563034058,
  "deepseek-reasoner": 0.608066201210022
}
